node_code;node_type;wlan_code;destination_id;x(m);y(m);z(m);primary_channel;min_channel_allowed;max_channel_allowed;cw;cw_stage;tpc_min(dBm);tpc_default(dBm);tpc_max(dBm);cca_min(dBm);cca_default(dBm);cca_max(dBm);tx_antenna_gain;rx_antenna_gain;channel_bonding_model;modulation_default;central_freq (GHz);lambda;ieee_protocol
AP_A;0;A;-1;94.6018;25.8302;0;0;0;3;16;0;15.0;15.0;15.0;-82.0;-82.0;-82.0;0.0;0.0;2;0;5.0;10000.0;1
STA_A1;1;A;-1;98.3915;26.1048;0;0;0;3;16;0;15.0;15.0;15.0;-82.0;-82.0;-82.0;0.0;0.0;2;0;5.0;10000.0;1
STA_A2;1;A;-1;93.0361;25.0405;0;0;0;3;16;0;15.0;15.0;15.0;-82.0;-82.0;-82.0;0.0;0.0;2;0;5.0;10000.0;1
AP_B;0;B;-1;5.5429;2.1487;0;1;0;3;16;0;15.0;15.0;15.0;-82.0;-82.0;-82.0;0.0;0.0;2;0;5.0;10000.0;1
STA_B1;1;B;-1;6.0539;4.7711;0;1;0;3;16;0;15.0;15.0;15.0;-82.0;-82.0;-82.0;0.0;0.0;2;0;5.0;10000.0;1
STA_B2;1;B;-1;3.6338;-0.5849;0;1;0;3;16;0;15.0;15.0;15.0;-82.0;-82.0;-82.0;0.0;0.0;2;0;5.0;10000.0;1
