node_code;node_type;wlan_code;destination_id;x(m);y(m);z(m);primary_channel;min_channel_allowed;max_channel_allowed;cw;cw_stage;tpc_min(dBm);tpc_default(dBm);tpc_max(dBm);cca_min(dBm);cca_default(dBm);cca_max(dBm);tx_antenna_gain;rx_antenna_gain;channel_bonding_model;modulation_default;central_freq (GHz);lambda;ieee_protocol
AP_A;0;A;-1;29.0765;55.6077;0;1;0;7;16;0;15.0;15.0;15.0;-82.0;-82.0;-82.0;0.0;0.0;0;0;5.0;10000.0;1
STA_A1;1;A;-1;25.8488;57.1238;0;1;0;7;16;0;15.0;15.0;15.0;-82.0;-82.0;-82.0;0.0;0.0;0;0;5.0;10000.0;1
AP_B;0;B;-1;39.4008;76.518;0;2;2;2;16;0;15.0;15.0;15.0;-82.0;-82.0;-82.0;0.0;0.0;0;0;5.0;10000.0;1
STA_B1;1;B;-1;43.4795;75.811;0;2;2;2;16;0;15.0;15.0;15.0;-82.0;-82.0;-82.0;0.0;0.0;0;0;5.0;10000.0;1
