node_code;node_type;wlan_code;destination_id;x(m);y(m);z(m);primary_channel;min_channel_allowed;max_channel_allowed;cw;cw_stage;tpc_min(dBm);tpc_default(dBm);tpc_max(dBm);cca_min(dBm);cca_default(dBm);cca_max(dBm);tx_antenna_gain;rx_antenna_gain;channel_bonding_model;modulation_default;central_freq (GHz);lambda;ieee_protocol
AP_A;0;A;-1;39.6887;23.6929;0;6;6;6;16;0;15.0;15.0;15.0;-82.0;-82.0;-82.0;0.0;0.0;6;0;5.0;10000.0;1
STA_A1;1;A;-1;42.2246;22.3858;0;6;6;6;16;0;15.0;15.0;15.0;-82.0;-82.0;-82.0;0.0;0.0;6;0;5.0;10000.0;1
AP_B;0;B;-1;42.8446;36.646;0;2;0;3;16;0;15.0;15.0;15.0;-82.0;-82.0;-82.0;0.0;0.0;6;0;5.0;10000.0;1
STA_B1;1;B;-1;40.8471;38.546;0;2;0;3;16;0;15.0;15.0;15.0;-82.0;-82.0;-82.0;0.0;0.0;6;0;5.0;10000.0;1
STA_B2;1;B;-1;40.9385;33.1186;0;2;0;3;16;0;15.0;15.0;15.0;-82.0;-82.0;-82.0;0.0;0.0;6;0;5.0;10000.0;1
