node_code;node_type;wlan_code;destination_id;x(m);y(m);z(m);primary_channel;min_channel_allowed;max_channel_allowed;cw;cw_stage;tpc_min(dBm);tpc_default(dBm);tpc_max(dBm);cca_min(dBm);cca_default(dBm);cca_max(dBm);tx_antenna_gain;rx_antenna_gain;channel_bonding_model;modulation_default;central_freq (GHz);lambda;ieee_protocol
AP_A;0;A;-1;29.0326;69.8872;0;5;4;5;16;0;15.0;15.0;15.0;-82.0;-82.0;-82.0;0.0;0.0;0;0;5.0;10000.0;1
STA_A1;1;A;-1;30.1676;67.5889;0;5;4;5;16;0;15.0;15.0;15.0;-82.0;-82.0;-82.0;0.0;0.0;0;0;5.0;10000.0;1
STA_A2;1;A;-1;29.7673;72.2911;0;5;4;5;16;0;15.0;15.0;15.0;-82.0;-82.0;-82.0;0.0;0.0;0;0;5.0;10000.0;1
AP_B;0;B;-1;89.6745;18.6537;0;0;0;7;16;0;15.0;15.0;15.0;-82.0;-82.0;-82.0;0.0;0.0;0;0;5.0;10000.0;1
STA_B1;1;B;-1;86.6203;18.6086;0;0;0;7;16;0;15.0;15.0;15.0;-82.0;-82.0;-82.0;0.0;0.0;0;0;5.0;10000.0;1
