node_code;node_type;wlan_code;destination_id;x(m);y(m);z(m);primary_channel;min_channel_allowed;max_channel_allowed;cw;cw_stage;tpc_min(dBm);tpc_default(dBm);tpc_max(dBm);cca_min(dBm);cca_default(dBm);cca_max(dBm);tx_antenna_gain;rx_antenna_gain;channel_bonding_model;modulation_default;central_freq (GHz);lambda;ieee_protocol
AP_A;0;A;-1;75.4138;80.3338;0;5;0;7;16;0;15.0;15.0;15.0;-82.0;-82.0;-82.0;0.0;0.0;4;0;5.0;10000.0;1
STA_A1;1;A;-1;76.7875;83.5933;0;5;0;7;16;0;15.0;15.0;15.0;-82.0;-82.0;-82.0;0.0;0.0;4;0;5.0;10000.0;1
AP_B;0;B;-1;15.8334;30.8708;0;3;3;3;16;0;15.0;15.0;15.0;-82.0;-82.0;-82.0;0.0;0.0;4;0;5.0;10000.0;1
STA_B1;1;B;-1;15.7747;35.1284;0;3;3;3;16;0;15.0;15.0;15.0;-82.0;-82.0;-82.0;0.0;0.0;4;0;5.0;10000.0;1
