node_code;node_type;wlan_code;destination_id;x(m);y(m);z(m);primary_channel;min_channel_allowed;max_channel_allowed;cw;cw_stage;tpc_min(dBm);tpc_default(dBm);tpc_max(dBm);cca_min(dBm);cca_default(dBm);cca_max(dBm);tx_antenna_gain;rx_antenna_gain;channel_bonding_model;modulation_default;central_freq (GHz);lambda;ieee_protocol
AP_A;0;A;-1;5.7344;22.7784;0;5;4;5;16;0;15.0;15.0;15.0;-82.0;-82.0;-82.0;0.0;0.0;6;0;5.0;10000.0;1
STA_A1;1;A;-1;5.0931;20.2886;0;5;4;5;16;0;15.0;15.0;15.0;-82.0;-82.0;-82.0;0.0;0.0;6;0;5.0;10000.0;1
AP_B;0;B;-1;66.2884;3.0843;0;5;4;7;16;0;15.0;15.0;15.0;-82.0;-82.0;-82.0;0.0;0.0;6;0;5.0;10000.0;1
STA_B1;1;B;-1;64.3852;0.0723;0;5;4;7;16;0;15.0;15.0;15.0;-82.0;-82.0;-82.0;0.0;0.0;6;0;5.0;10000.0;1
STA_B2;1;B;-1;62.4941;1.8299;0;5;4;7;16;0;15.0;15.0;15.0;-82.0;-82.0;-82.0;0.0;0.0;6;0;5.0;10000.0;1
