node_code;node_type;wlan_code;destination_id;x(m);y(m);z(m);primary_channel;min_channel_allowed;max_channel_allowed;cw;cw_stage;tpc_min(dBm);tpc_default(dBm);tpc_max(dBm);cca_min(dBm);cca_default(dBm);cca_max(dBm);tx_antenna_gain;rx_antenna_gain;channel_bonding_model;modulation_default;central_freq (GHz);lambda;ieee_protocol
AP_A;0;A;-1;78.2713;72.9267;0;3;2;3;16;0;15.0;15.0;15.0;-82.0;-82.0;-82.0;0.0;0.0;4;0;5.0;10000.0;1
STA_A1;1;A;-1;75.8484;73.3833;0;3;2;3;16;0;15.0;15.0;15.0;-82.0;-82.0;-82.0;0.0;0.0;4;0;5.0;10000.0;1
STA_A2;1;A;-1;75.4887;69.9162;0;3;2;3;16;0;15.0;15.0;15.0;-82.0;-82.0;-82.0;0.0;0.0;4;0;5.0;10000.0;1
AP_B;0;B;-1;66.9414;15.627;0;0;0;0;16;0;15.0;15.0;15.0;-82.0;-82.0;-82.0;0.0;0.0;4;0;5.0;10000.0;1
STA_B1;1;B;-1;62.5007;15.6343;0;0;0;0;16;0;15.0;15.0;15.0;-82.0;-82.0;-82.0;0.0;0.0;4;0;5.0;10000.0;1
STA_B2;1;B;-1;63.3079;13.832;0;0;0;0;16;0;15.0;15.0;15.0;-82.0;-82.0;-82.0;0.0;0.0;4;0;5.0;10000.0;1
