node_code;node_type;wlan_code;destination_id;x(m);y(m);z(m);primary_channel;min_channel_allowed;max_channel_allowed;cw;cw_stage;tpc_min(dBm);tpc_default(dBm);tpc_max(dBm);cca_min(dBm);cca_default(dBm);cca_max(dBm);tx_antenna_gain;rx_antenna_gain;channel_bonding_model;modulation_default;central_freq (GHz);lambda;ieee_protocol
AP_A;0;A;-1;63.7824;66.9988;0;3;0;3;16;0;15.0;15.0;15.0;-82.0;-82.0;-82.0;0.0;0.0;4;0;5.0;10000.0;1
STA_A1;1;A;-1;67.3087;66.5005;0;3;0;3;16;0;15.0;15.0;15.0;-82.0;-82.0;-82.0;0.0;0.0;4;0;5.0;10000.0;1
AP_B;0;B;-1;20.4634;60.5468;0;2;0;3;16;0;15.0;15.0;15.0;-82.0;-82.0;-82.0;0.0;0.0;4;0;5.0;10000.0;1
STA_B1;1;B;-1;18.6771;64.0175;0;2;0;3;16;0;15.0;15.0;15.0;-82.0;-82.0;-82.0;0.0;0.0;4;0;5.0;10000.0;1
STA_B2;1;B;-1;20.4563;55.7247;0;2;0;3;16;0;15.0;15.0;15.0;-82.0;-82.0;-82.0;0.0;0.0;4;0;5.0;10000.0;1
